[
  {
    "id": "aa7c6a36-06d4-467b-8853-4de5341cd1bf",
    "data": [
      {
        "text": "o que devo fazer sobre isso",
        "userDefined": false
      }
    ],
    "isTemplate": false,
    "count": 0,
    "lang": "pt-br",
    "updated": 0
  },
  {
    "id": "e64c6b5f-ecdb-4717-b5fd-b0aa0e0f8882",
    "data": [
      {
        "text": "alguma sugestão",
        "userDefined": false
      }
    ],
    "isTemplate": false,
    "count": 0,
    "lang": "pt-br",
    "updated": 0
  },
  {
    "id": "04a9d2a8-5950-4cf4-a205-65265a61006b",
    "data": [
      {
        "text": "o que você recomenda",
        "userDefined": false
      }
    ],
    "isTemplate": false,
    "count": 0,
    "lang": "pt-br",
    "updated": 0
  },
  {
    "id": "909ee1fc-7ee8-47c0-b926-ccfa3fbe7da2",
    "data": [
      {
        "text": "preciso de um bom conselho",
        "userDefined": false
      }
    ],
    "isTemplate": false,
    "count": 0,
    "lang": "pt-br",
    "updated": 0
  },
  {
    "id": "c8b6b503-4a4e-4bbc-8385-b16eb9a05dfc",
    "data": [
      {
        "text": "preciso de conselhos",
        "userDefined": false
      }
    ],
    "isTemplate": false,
    "count": 0,
    "lang": "pt-br",
    "updated": 0
  },
  {
    "id": "91d7414c-7b78-4a9e-b627-d9c298ac2b43",
    "data": [
      {
        "text": "algum conselho",
        "userDefined": false
      }
    ],
    "isTemplate": false,
    "count": 0,
    "lang": "pt-br",
    "updated": 0
  },
  {
    "id": "7c7425a0-16d0-4d3f-9610-2bc4797e23bb",
    "data": [
      {
        "text": "você tem algum conselho para me dar",
        "userDefined": false
      }
    ],
    "isTemplate": false,
    "count": 0,
    "lang": "pt-br",
    "updated": 0
  },
  {
    "id": "a07517f0-6ad5-44fa-89da-b0e9462c9569",
    "data": [
      {
        "text": "me aconselhe",
        "userDefined": false
      }
    ],
    "isTemplate": false,
    "count": 0,
    "lang": "pt-br",
    "updated": 0
  },
  {
    "id": "87714a60-a628-4cd8-91c4-8ba2b9dedc6e",
    "data": [
      {
        "text": "o que devo fazer",
        "userDefined": false
      }
    ],
    "isTemplate": false,
    "count": 0,
    "lang": "pt-br",
    "updated": 0
  },
  {
    "id": "f4683d94-564b-47d4-8680-fa57199e0e4d",
    "data": [
      {
        "text": "posso pedir um conselho",
        "userDefined": false
      }
    ],
    "isTemplate": false,
    "count": 0,
    "lang": "pt-br",
    "updated": 0
  }
]