[
  {
    "id": "84780f2b-8cec-4c2e-92ff-bb6185409b81",
    "data": [
      {
        "text": "como assim",
        "userDefined": false
      }
    ],
    "isTemplate": false,
    "count": 0,
    "lang": "pt-br",
    "updated": 0
  },
  {
    "id": "a1a95aa1-937b-4658-91e0-220cd7dfcd6b",
    "data": [
      {
        "text": "o que quer dizer",
        "userDefined": false
      }
    ],
    "isTemplate": false,
    "count": 0,
    "lang": "pt-br",
    "updated": 0
  },
  {
    "id": "e0c5be50-10af-412f-8cf2-c1ba7892c81b",
    "data": [
      {
        "text": "é isso o que quer dizer",
        "userDefined": false
      }
    ],
    "isTemplate": false,
    "count": 0,
    "lang": "pt-br",
    "updated": 0
  },
  {
    "id": "2dd5d436-0b11-4a5d-b24b-014f31b7a8da",
    "data": [
      {
        "text": "o que você quer dizer exatamente",
        "userDefined": false
      }
    ],
    "isTemplate": false,
    "count": 0,
    "lang": "pt-br",
    "updated": 0
  },
  {
    "id": "0b3464f8-4ce0-4603-9e60-54b340b64336",
    "data": [
      {
        "text": "mas como assim",
        "userDefined": false
      }
    ],
    "isTemplate": false,
    "count": 0,
    "lang": "pt-br",
    "updated": 0
  }
]