[
  {
    "id": "a05415c2-f237-46f8-a30a-e18662b58d69",
    "data": [
      {
        "text": "com licença",
        "userDefined": false
      }
    ],
    "isTemplate": false,
    "count": 0,
    "lang": "pt-br",
    "updated": 0
  },
  {
    "id": "d04f2aa2-8c3e-4cce-b75c-f147400c5581",
    "data": [
      {
        "text": "peça desculpas",
        "userDefined": false
      }
    ],
    "isTemplate": false,
    "count": 0,
    "lang": "pt-br",
    "updated": 0
  },
  {
    "id": "e2c9da27-1924-4f89-9301-8566bed91d80",
    "data": [
      {
        "text": "eu peço desculpas",
        "userDefined": false
      }
    ],
    "isTemplate": false,
    "count": 0,
    "lang": "pt-br",
    "updated": 0
  },
  {
    "id": "0c568afa-863b-46ba-adf1-dadef633fc4b",
    "data": [
      {
        "text": "desculpe",
        "userDefined": false
      }
    ],
    "isTemplate": false,
    "count": 0,
    "lang": "pt-br",
    "updated": 0
  },
  {
    "id": "bcfc5633-dfb3-48cb-a264-e715a70948cb",
    "data": [
      {
        "text": "sinto muito",
        "userDefined": false
      }
    ],
    "isTemplate": false,
    "count": 0,
    "lang": "pt-br",
    "updated": 0
  },
  {
    "id": "a4eedeae-aaae-4b54-94dd-23b20d99bd3d",
    "data": [
      {
        "text": "eu sinto muito",
        "userDefined": false
      }
    ],
    "isTemplate": false,
    "count": 0,
    "lang": "pt-br",
    "updated": 0
  },
  {
    "id": "d26499b2-cb3f-405b-8b6c-9f8835c41e99",
    "data": [
      {
        "text": "minhas desculpas",
        "userDefined": false
      }
    ],
    "isTemplate": false,
    "count": 0,
    "lang": "pt-br",
    "updated": 0
  },
  {
    "id": "3e245cc7-09d0-41da-ab67-d08ef7fe5d09",
    "data": [
      {
        "text": "desculpas",
        "userDefined": false
      }
    ],
    "isTemplate": false,
    "count": 0,
    "lang": "pt-br",
    "updated": 0
  },
  {
    "id": "4b08e32e-5672-4c0d-9537-655d7602173f",
    "data": [
      {
        "text": "peça desculpas a mim",
        "userDefined": false
      }
    ],
    "isTemplate": false,
    "count": 0,
    "lang": "pt-br",
    "updated": 0
  },
  {
    "id": "30797ebd-4068-4be7-b13d-74a5e507c09b",
    "data": [
      {
        "text": "desculpa",
        "userDefined": false
      }
    ],
    "isTemplate": false,
    "count": 0,
    "lang": "pt-br",
    "updated": 0
  }
]