[
  {
    "id": "b8b4574c-af63-42f9-bf80-c086be556930",
    "data": [
      {
        "text": "um momento",
        "userDefined": false
      }
    ],
    "isTemplate": false,
    "count": 0,
    "lang": "pt-br",
    "updated": 0
  },
  {
    "id": "d20fc53f-ea0c-4ec3-8728-8133fb4f9cdd",
    "data": [
      {
        "text": "poderia esperar",
        "userDefined": false
      }
    ],
    "isTemplate": false,
    "count": 0,
    "lang": "pt-br",
    "updated": 0
  },
  {
    "id": "0dba4301-a59c-4e2d-89e7-afa0738fe153",
    "data": [
      {
        "text": "um momento por favor",
        "userDefined": false
      }
    ],
    "isTemplate": false,
    "count": 0,
    "lang": "pt-br",
    "updated": 0
  },
  {
    "id": "60901564-e457-43b0-8d89-d78528370603",
    "data": [
      {
        "text": "aguente aí",
        "userDefined": false
      }
    ],
    "isTemplate": false,
    "count": 0,
    "lang": "pt-br",
    "updated": 0
  },
  {
    "id": "3b22dc74-b8b9-400b-888c-1bfecedce6e3",
    "data": [
      {
        "text": "espere",
        "userDefined": false
      }
    ],
    "isTemplate": false,
    "count": 0,
    "lang": "pt-br",
    "updated": 0
  },
  {
    "id": "4cb5e481-dc83-49fe-afb3-7662a2617ccc",
    "data": [
      {
        "text": "ah espere",
        "userDefined": false
      }
    ],
    "isTemplate": false,
    "count": 0,
    "lang": "pt-br",
    "updated": 0
  },
  {
    "id": "91fb5157-a74c-4954-8109-b0203c89dfbd",
    "data": [
      {
        "text": "espere um momento",
        "userDefined": false
      }
    ],
    "isTemplate": false,
    "count": 0,
    "lang": "pt-br",
    "updated": 0
  },
  {
    "id": "852a5222-e2f3-47ae-927f-ea92d0fd9030",
    "data": [
      {
        "text": "não se apresse",
        "userDefined": false
      }
    ],
    "isTemplate": false,
    "count": 0,
    "lang": "pt-br",
    "updated": 0
  }
]