[
  {
    "id": "d50c751a-0853-42d4-b881-fd4a1dc16776",
    "data": [
      {
        "text": "o prazer é meu",
        "userDefined": false
      }
    ],
    "isTemplate": false,
    "count": 1,
    "lang": "pt-br",
    "updated": 0
  },
  {
    "id": "79e4afe5-b790-405a-8e6a-b7bda7fdadbb",
    "data": [
      {
        "text": "a seu dispor",
        "userDefined": false
      }
    ],
    "isTemplate": false,
    "count": 0,
    "lang": "pt-br",
    "updated": 0
  },
  {
    "id": "0deeee7e-59a2-4e75-9845-3059249483d6",
    "data": [
      {
        "text": "imagina",
        "userDefined": false
      }
    ],
    "isTemplate": false,
    "count": 0,
    "lang": "pt-br",
    "updated": 0
  },
  {
    "id": "247d722d-fc0d-4612-bd8b-cc2254167ec3",
    "data": [
      {
        "text": "de nada",
        "userDefined": false
      }
    ],
    "isTemplate": false,
    "count": 0,
    "lang": "pt-br",
    "updated": 0
  },
  {
    "id": "b5f335b4-9577-44dd-acbf-2d93538d91d8",
    "data": [
      {
        "text": "o que é isso não foi nada",
        "userDefined": false
      }
    ],
    "isTemplate": false,
    "count": 0,
    "lang": "pt-br",
    "updated": 0
  },
  {
    "id": "115cc9c5-346a-4ca2-a5d9-41b1c71f010f",
    "data": [
      {
        "text": "não tem de quê",
        "userDefined": false
      }
    ],
    "isTemplate": false,
    "count": 0,
    "lang": "pt-br",
    "updated": 0
  },
  {
    "id": "187c686c-4f3d-40c7-82ca-9227c92ffa44",
    "data": [
      {
        "text": "não por isso",
        "userDefined": false
      }
    ],
    "isTemplate": false,
    "count": 0,
    "lang": "pt-br",
    "updated": 0
  },
  {
    "id": "8b1e2c27-5921-4f4b-a01a-9da9731abef5",
    "data": [
      {
        "text": "o que você quiser",
        "userDefined": false
      }
    ],
    "isTemplate": false,
    "count": 0,
    "lang": "pt-br",
    "updated": 0
  }
]