[
  {
    "id": "b0085efe-2c1c-4589-bcac-2904e7b91b56",
    "data": [
      {
        "text": "isso estava errado",
        "userDefined": false
      }
    ],
    "isTemplate": false,
    "count": 0,
    "lang": "pt-br",
    "updated": 0
  },
  {
    "id": "aba8eb58-7144-45a9-bcbd-8c016333c64f",
    "data": [
      {
        "text": "não foi isso o que eu perguntei",
        "userDefined": false
      }
    ],
    "isTemplate": false,
    "count": 0,
    "lang": "pt-br",
    "updated": 0
  },
  {
    "id": "262a7306-bd52-440a-9f02-76a035820b9e",
    "data": [
      {
        "text": "isso está errado",
        "userDefined": false
      }
    ],
    "isTemplate": false,
    "count": 0,
    "lang": "pt-br",
    "updated": 0
  },
  {
    "id": "6c518234-e82b-4cee-8bdb-7b8679baef47",
    "data": [
      {
        "text": "errado",
        "userDefined": false
      }
    ],
    "isTemplate": false,
    "count": 0,
    "lang": "pt-br",
    "updated": 0
  },
  {
    "id": "a25509fe-fd63-4776-a6da-77d777547e3c",
    "data": [
      {
        "text": "não está certo",
        "userDefined": false
      }
    ],
    "isTemplate": false,
    "count": 0,
    "lang": "pt-br",
    "updated": 0
  },
  {
    "id": "e7c492c3-1fc9-43a1-8eda-93726bf55eff",
    "data": [
      {
        "text": "isso não está certo",
        "userDefined": false
      }
    ],
    "isTemplate": false,
    "count": 0,
    "lang": "pt-br",
    "updated": 0
  },
  {
    "id": "00190e46-183a-4fe8-8aa1-770678cfa1de",
    "data": [
      {
        "text": "está errado",
        "userDefined": false
      }
    ],
    "isTemplate": false,
    "count": 0,
    "lang": "pt-br",
    "updated": 0
  },
  {
    "id": "e57fb486-824c-4f1e-9e3b-b37f61793885",
    "data": [
      {
        "text": "isso está incorreto",
        "userDefined": false
      }
    ],
    "isTemplate": false,
    "count": 0,
    "lang": "pt-br",
    "updated": 0
  },
  {
    "id": "08347fd3-e9f5-4ff4-b23e-7f7457784ff8",
    "data": [
      {
        "text": "incorreto",
        "userDefined": false
      }
    ],
    "isTemplate": false,
    "count": 0,
    "lang": "pt-br",
    "updated": 0
  },
  {
    "id": "6ca44ad2-366b-4f67-b540-bf0f28ef3cad",
    "data": [
      {
        "text": "não está correto",
        "userDefined": false
      }
    ],
    "isTemplate": false,
    "count": 0,
    "lang": "pt-br",
    "updated": 0
  }
]