[
  {
    "id": "3ed95fa5-de9d-4574-bce5-c2fd9336347f",
    "data": [
      {
        "text": "vamos discutir alguma coisa",
        "userDefined": false
      }
    ],
    "isTemplate": false,
    "count": 0,
    "lang": "pt-br",
    "updated": 0
  },
  {
    "id": "f538ba2b-726f-4c08-a2ce-d7fd70f1f421",
    "data": [
      {
        "text": "vamos ter uma discussão",
        "userDefined": false
      }
    ],
    "isTemplate": false,
    "count": 0,
    "lang": "pt-br",
    "updated": 0
  },
  {
    "id": "dc09e7cb-868b-437f-806d-2712da0c1ccf",
    "data": [
      {
        "text": "posso falar",
        "userDefined": false
      }
    ],
    "isTemplate": false,
    "count": 0,
    "lang": "pt-br",
    "updated": 0
  },
  {
    "id": "a1fb7c32-d7fd-458a-afe2-8bd8fd62fc78",
    "data": [
      {
        "text": "posso começar a falar",
        "userDefined": false
      }
    ],
    "isTemplate": false,
    "count": 0,
    "lang": "pt-br",
    "updated": 0
  },
  {
    "id": "7b886736-a7d5-46a0-9419-95fab383ed4d",
    "data": [
      {
        "text": "podemos conversar",
        "userDefined": false
      }
    ],
    "isTemplate": false,
    "count": 0,
    "lang": "pt-br",
    "updated": 0
  },
  {
    "id": "096f6a9e-4cb5-4161-9ae3-31e288bfa300",
    "data": [
      {
        "text": "fale comigo",
        "userDefined": false
      }
    ],
    "isTemplate": false,
    "count": 0,
    "lang": "pt-br",
    "updated": 0
  },
  {
    "id": "4386823f-b4f7-4c5b-9321-9df729953f2f",
    "data": [
      {
        "text": "vamos conversar",
        "userDefined": false
      }
    ],
    "isTemplate": false,
    "count": 0,
    "lang": "pt-br",
    "updated": 0
  },
  {
    "id": "71fa4628-fcf1-4695-b2b3-c4d340736ddb",
    "data": [
      {
        "text": "quero falar com você",
        "userDefined": false
      }
    ],
    "isTemplate": false,
    "count": 0,
    "lang": "pt-br",
    "updated": 0
  },
  {
    "id": "ac60e531-0de2-4ae6-8253-4148b30fb084",
    "data": [
      {
        "text": "preciso falar com você",
        "userDefined": false
      }
    ],
    "isTemplate": false,
    "count": 0,
    "lang": "pt-br",
    "updated": 0
  },
  {
    "id": "d56582ff-18ad-43ff-9864-fcfcdbeba504",
    "data": [
      {
        "text": "quero conversar com você",
        "userDefined": false
      }
    ],
    "isTemplate": false,
    "count": 0,
    "lang": "pt-br",
    "updated": 0
  }
]