[
  {
    "id": "b56f383d-effb-4e61-930b-ad4188d1959a",
    "data": [
      {
        "text": "prazer em conhecê-la",
        "userDefined": false
      }
    ],
    "isTemplate": false,
    "count": 0,
    "lang": "pt-br",
    "updated": 0
  },
  {
    "id": "25f2dceb-4aed-41da-a3c6-c1c855f3f673",
    "data": [
      {
        "text": "foi bom conhecer você",
        "userDefined": false
      }
    ],
    "isTemplate": false,
    "count": 0,
    "lang": "pt-br",
    "updated": 0
  },
  {
    "id": "1e71c4b4-7e0b-4f51-a63c-5142f523bc80",
    "data": [
      {
        "text": "foi muito legal conhecer você",
        "userDefined": false
      }
    ],
    "isTemplate": false,
    "count": 0,
    "lang": "pt-br",
    "updated": 0
  },
  {
    "id": "ebeb4288-737e-4dbc-a83b-6f764d3ff19e",
    "data": [
      {
        "text": "que bom conhecer você",
        "userDefined": false
      }
    ],
    "isTemplate": false,
    "count": 0,
    "lang": "pt-br",
    "updated": 0
  },
  {
    "id": "4230024b-6fe2-44d2-9f99-b03ad62f8cd8",
    "data": [
      {
        "text": "fiquei feliz em conhecer você",
        "userDefined": false
      }
    ],
    "isTemplate": false,
    "count": 0,
    "lang": "pt-br",
    "updated": 0
  },
  {
    "id": "44b37924-30dc-4caf-9143-4372a2629f54",
    "data": [
      {
        "text": "prazer em conhecer você",
        "userDefined": false
      }
    ],
    "isTemplate": false,
    "count": 0,
    "lang": "pt-br",
    "updated": 0
  },
  {
    "id": "10df62b4-9606-431f-a149-d133c46fadae",
    "data": [
      {
        "text": "o prazer é meu",
        "userDefined": false
      }
    ],
    "isTemplate": false,
    "count": 0,
    "lang": "pt-br",
    "updated": 0
  },
  {
    "id": "22cbc5bf-8605-4def-9134-a498059811da",
    "data": [
      {
        "text": "prazer em conhecê-lp",
        "userDefined": false
      }
    ],
    "isTemplate": false,
    "count": 0,
    "lang": "pt-br",
    "updated": 0
  },
  {
    "id": "0c5aa2fe-1a36-4d4d-8b65-3e2040c0eae3",
    "data": [
      {
        "text": "prazer em te conhecer",
        "userDefined": false
      }
    ],
    "isTemplate": false,
    "count": 0,
    "lang": "pt-br",
    "updated": 0
  },
  {
    "id": "e0922f07-ea43-4ea2-9a9a-5bedc7eee5b5",
    "data": [
      {
        "text": "o prazer é todo meu",
        "userDefined": false
      }
    ],
    "isTemplate": false,
    "count": 0,
    "lang": "pt-br",
    "updated": 0
  }
]