[
  {
    "id": "4ec597a4-0e8f-44b8-a7fc-1e997fd16fc2",
    "data": [
      {
        "text": "estou entediado",
        "userDefined": false
      }
    ],
    "isTemplate": false,
    "count": 0,
    "lang": "pt-br",
    "updated": 0
  },
  {
    "id": "b494758f-2972-4682-97f2-2f9e2c9573e4",
    "data": [
      {
        "text": "isso foi chato",
        "userDefined": false
      }
    ],
    "isTemplate": false,
    "count": 0,
    "lang": "pt-br",
    "updated": 0
  },
  {
    "id": "58cddd6c-2477-4f8b-86bc-f06dec33a1c4",
    "data": [
      {
        "text": "que tédio",
        "userDefined": false
      }
    ],
    "isTemplate": false,
    "count": 0,
    "lang": "pt-br",
    "updated": 0
  },
  {
    "id": "2eb1e27e-8c97-4853-b787-db381cda1678",
    "data": [
      {
        "text": "entediado",
        "userDefined": false
      }
    ],
    "isTemplate": false,
    "count": 0,
    "lang": "pt-br",
    "updated": 0
  },
  {
    "id": "e7f9c5d4-fbc9-4b02-9105-4fb7e74cb958",
    "data": [
      {
        "text": "chato",
        "userDefined": false
      }
    ],
    "isTemplate": false,
    "count": 0,
    "lang": "pt-br",
    "updated": 0
  },
  {
    "id": "3e9d72f4-97bb-4bb0-aad5-018539102d76",
    "data": [
      {
        "text": "estou ficando entediado",
        "userDefined": false
      }
    ],
    "isTemplate": false,
    "count": 0,
    "lang": "pt-br",
    "updated": 0
  },
  {
    "id": "f9a22a79-f5b8-4adb-a65c-952696291b75",
    "data": [
      {
        "text": "isso é chato",
        "userDefined": false
      }
    ],
    "isTemplate": false,
    "count": 0,
    "lang": "pt-br",
    "updated": 0
  },
  {
    "id": "fc2971fc-140a-42fa-a0ae-6e4c47c0d0c0",
    "data": [
      {
        "text": "muito chato",
        "userDefined": false
      }
    ],
    "isTemplate": false,
    "count": 0,
    "lang": "pt-br",
    "updated": 0
  },
  {
    "id": "71194051-62fc-43ed-b46d-2c3577ba1e9d",
    "data": [
      {
        "text": "que saco",
        "userDefined": false
      }
    ],
    "isTemplate": false,
    "count": 0,
    "lang": "pt-br",
    "updated": 0
  }
]