[
  {
    "id": "af2b0e2e-94e8-4d55-8c13-28e7e6eaab3c",
    "data": [
      {
        "text": "uau",
        "userDefined": false
      }
    ],
    "isTemplate": false,
    "count": 0,
    "lang": "pt-br",
    "updated": 0
  },
  {
    "id": "75bd1a8c-fc06-4535-bc17-b80ee817d211",
    "data": [
      {
        "text": "demais",
        "userDefined": false
      }
    ],
    "isTemplate": false,
    "count": 0,
    "lang": "pt-br",
    "updated": 0
  },
  {
    "id": "1d1fa5a1-4939-47f2-87f8-15caa8fe4ad0",
    "data": [
      {
        "text": "incrível",
        "userDefined": false
      }
    ],
    "isTemplate": false,
    "count": 0,
    "lang": "pt-br",
    "updated": 0
  },
  {
    "id": "678e6107-3d88-435c-a97f-3777a4ae3cd0",
    "data": [
      {
        "text": "nooossa",
        "userDefined": false
      }
    ],
    "isTemplate": false,
    "count": 0,
    "lang": "pt-br",
    "updated": 0
  },
  {
    "id": "a7f30f52-15d7-48c1-b6c3-33bb4e2af2fd",
    "data": [
      {
        "text": "caramba",
        "userDefined": false
      }
    ],
    "isTemplate": false,
    "count": 0,
    "lang": "pt-br",
    "updated": 0
  }
]