[
  {
    "id": "39526483-b04a-4c3e-a09b-b8cb7a9bc916",
    "data": [
      {
        "text": "no que você está pensando",
        "userDefined": false
      }
    ],
    "isTemplate": false,
    "count": 0,
    "lang": "pt-br",
    "updated": 0
  },
  {
    "id": "9dfb7c7a-0247-4b37-a668-9fce8367d5e6",
    "data": [
      {
        "text": "o que aconteceu",
        "userDefined": false
      }
    ],
    "isTemplate": false,
    "count": 0,
    "lang": "pt-br",
    "updated": 0
  },
  {
    "id": "ef8c3fa8-6192-4608-805a-ac5b63e6f19e",
    "data": [
      {
        "text": "e aí",
        "userDefined": false
      }
    ],
    "isTemplate": false,
    "count": 1,
    "lang": "pt-br",
    "updated": 0
  },
  {
    "id": "53102b63-0042-4882-b1a1-de8704b8bf07",
    "data": [
      {
        "text": "beleza",
        "userDefined": false
      }
    ],
    "isTemplate": false,
    "count": 0,
    "lang": "pt-br",
    "updated": 0
  },
  {
    "id": "427594ac-97bb-432b-8775-746398d6870f",
    "data": [
      {
        "text": "blz",
        "userDefined": false
      }
    ],
    "isTemplate": false,
    "count": 0,
    "lang": "pt-br",
    "updated": 0
  },
  {
    "id": "b106ac12-1652-4ab5-9ce5-c38c5c486632",
    "data": [
      {
        "text": "bem e aí",
        "userDefined": false
      }
    ],
    "isTemplate": false,
    "count": 0,
    "lang": "pt-br",
    "updated": 0
  },
  {
    "id": "b007f3dc-50c7-4cdc-b5d4-ea1e0359958c",
    "data": [
      {
        "text": "eu disse e aí",
        "userDefined": false
      }
    ],
    "isTemplate": false,
    "count": 0,
    "lang": "pt-br",
    "updated": 0
  },
  {
    "id": "9668efd1-fdbd-4e65-83ec-ad2deefe3108",
    "data": [
      {
        "text": "o que tá rolando",
        "userDefined": false
      }
    ],
    "isTemplate": false,
    "count": 0,
    "lang": "pt-br",
    "updated": 0
  },
  {
    "id": "f23d797c-b078-41cb-af7a-c7f66ddddd3a",
    "data": [
      {
        "text": "tudo bem",
        "userDefined": false
      }
    ],
    "isTemplate": false,
    "count": 0,
    "lang": "pt-br",
    "updated": 0
  }
]