[
  {
    "id": "82e735ae-f21f-41a9-a594-ec4c5ee46d6b",
    "data": [
      {
        "text": "estou brincando",
        "userDefined": false
      }
    ],
    "isTemplate": false,
    "count": 0,
    "lang": "pt-br",
    "updated": 0
  },
  {
    "id": "9f9fe1dd-4229-4f7f-b457-0d6b6e3b5f83",
    "data": [
      {
        "text": "é só brincadeira",
        "userDefined": false
      }
    ],
    "isTemplate": false,
    "count": 0,
    "lang": "pt-br",
    "updated": 0
  },
  {
    "id": "e004be17-eba1-4369-9f7c-0468b96a6647",
    "data": [
      {
        "text": "só estou sendo engraçado",
        "userDefined": false
      }
    ],
    "isTemplate": false,
    "count": 0,
    "lang": "pt-br",
    "updated": 0
  },
  {
    "id": "31525e40-1d02-4b53-81e7-bbddd924f591",
    "data": [
      {
        "text": "foi uma piada",
        "userDefined": false
      }
    ],
    "isTemplate": false,
    "count": 0,
    "lang": "pt-br",
    "updated": 0
  },
  {
    "id": "6c87f23f-3baf-4429-8389-9e874b86ca5e",
    "data": [
      {
        "text": "foi só uma piada",
        "userDefined": false
      }
    ],
    "isTemplate": false,
    "count": 0,
    "lang": "pt-br",
    "updated": 0
  },
  {
    "id": "3f0fe68a-5c43-429b-a496-e6b99a272f22",
    "data": [
      {
        "text": "é uma piada",
        "userDefined": false
      }
    ],
    "isTemplate": false,
    "count": 0,
    "lang": "pt-br",
    "updated": 0
  },
  {
    "id": "11178cab-e7f9-4293-94e2-c75e5a347686",
    "data": [
      {
        "text": "tô brincando",
        "userDefined": false
      }
    ],
    "isTemplate": false,
    "count": 0,
    "lang": "pt-br",
    "updated": 0
  },
  {
    "id": "1422d6ce-f806-45d5-9eb2-5aefa53b66e8",
    "data": [
      {
        "text": "brincadeirinha",
        "userDefined": false
      }
    ],
    "isTemplate": false,
    "count": 0,
    "lang": "pt-br",
    "updated": 0
  },
  {
    "id": "8a3f5510-62e8-4165-81ac-5cf017eeaca0",
    "data": [
      {
        "text": "é brincadeira",
        "userDefined": false
      }
    ],
    "isTemplate": false,
    "count": 0,
    "lang": "pt-br",
    "updated": 0
  },
  {
    "id": "41f32361-e597-4e20-88b1-e7c1e2655d7b",
    "data": [
      {
        "text": "só estou brincando com você",
        "userDefined": false
      }
    ],
    "isTemplate": false,
    "count": 0,
    "lang": "pt-br",
    "updated": 0
  }
]