[
  {
    "id": "6332b131-9c2a-43d7-a77c-54b27b7c5597",
    "data": [
      {
        "text": "hã",
        "userDefined": false
      }
    ],
    "isTemplate": false,
    "count": 0,
    "lang": "pt-br",
    "updated": 0
  },
  {
    "id": "d19510c5-9a0f-4a92-9ecf-a4e820a7b933",
    "data": [
      {
        "text": "hahaha",
        "userDefined": false
      }
    ],
    "isTemplate": false,
    "count": 0,
    "lang": "pt-br",
    "updated": 0
  },
  {
    "id": "ecf7c5cf-db2c-46e2-bd27-fcab072a22fd",
    "data": [
      {
        "text": "xd",
        "userDefined": false
      }
    ],
    "isTemplate": false,
    "count": 0,
    "lang": "pt-br",
    "updated": 0
  },
  {
    "id": "e74cda8b-13b5-4387-9948-db11b4005aab",
    "data": [
      {
        "text": "ha ha",
        "userDefined": false
      }
    ],
    "isTemplate": false,
    "count": 0,
    "lang": "pt-br",
    "updated": 0
  },
  {
    "id": "3afefb87-f319-45ca-bf02-f1021b0b09d0",
    "data": [
      {
        "text": "rsrs",
        "userDefined": false
      }
    ],
    "isTemplate": false,
    "count": 0,
    "lang": "pt-br",
    "updated": 0
  },
  {
    "id": "4e3ab279-f88e-45f4-a59c-7aa763970b86",
    "data": [
      {
        "text": "ahahaha",
        "userDefined": false
      }
    ],
    "isTemplate": false,
    "count": 0,
    "lang": "pt-br",
    "updated": 0
  },
  {
    "id": "08e44cd5-5fbe-4a42-8216-b772b2569963",
    "data": [
      {
        "text": "risos",
        "userDefined": false
      }
    ],
    "isTemplate": false,
    "count": 0,
    "lang": "pt-br",
    "updated": 0
  },
  {
    "id": "af95dc66-1319-424a-aeba-df9b8286968b",
    "data": [
      {
        "text": "KKKK",
        "userDefined": false
      }
    ],
    "isTemplate": false,
    "count": 0,
    "lang": "pt-br",
    "updated": 0
  },
  {
    "id": "a73d439f-f44e-4515-b361-d3574158ada8",
    "data": [
      {
        "text": "isso é engraçado",
        "userDefined": false
      }
    ],
    "isTemplate": false,
    "count": 0,
    "lang": "pt-br",
    "updated": 0
  },
  {
    "id": "049afef3-d9ac-4176-a279-fa9d78f57330",
    "data": [
      {
        "text": "ah",
        "userDefined": false
      }
    ],
    "isTemplate": false,
    "count": 0,
    "lang": "pt-br",
    "updated": 0
  }
]