[
  {
    "id": "3bace474-880f-45f0-ad7c-634132091b57",
    "data": [
      {
        "text": "certo nos vemos mais tarde",
        "userDefined": false
      }
    ],
    "isTemplate": false,
    "count": 0,
    "lang": "pt-br",
    "updated": 0
  },
  {
    "id": "c414f44d-539d-46b4-8a5d-a77871ee3e72",
    "data": [
      {
        "text": "até mais tarde",
        "userDefined": false
      }
    ],
    "isTemplate": false,
    "count": 0,
    "lang": "pt-br",
    "updated": 0
  },
  {
    "id": "7531e198-05d5-47be-88d0-a0cf3a91eab0",
    "data": [
      {
        "text": "tchau até mais",
        "userDefined": false
      }
    ],
    "isTemplate": false,
    "count": 0,
    "lang": "pt-br",
    "updated": 0
  },
  {
    "id": "9469b5da-d917-4813-a99e-5f9e5f1cae45",
    "data": [
      {
        "text": "até a próxima",
        "userDefined": false
      }
    ],
    "isTemplate": false,
    "count": 0,
    "lang": "pt-br",
    "updated": 0
  },
  {
    "id": "92c68937-bb4d-45e7-980d-5de2fb3d0a40",
    "data": [
      {
        "text": "tenho que ir",
        "userDefined": false
      }
    ],
    "isTemplate": false,
    "count": 0,
    "lang": "pt-br",
    "updated": 0
  },
  {
    "id": "81a3716b-0eda-4b0e-b7ce-715998083b86",
    "data": [
      {
        "text": "tchau",
        "userDefined": false
      }
    ],
    "isTemplate": false,
    "count": 0,
    "lang": "pt-br",
    "updated": 0
  },
  {
    "id": "5dd8afbb-5538-4524-8238-7515fe5e39c0",
    "data": [
      {
        "text": "até logo",
        "userDefined": false
      }
    ],
    "isTemplate": false,
    "count": 0,
    "lang": "pt-br",
    "updated": 0
  },
  {
    "id": "a222365e-8a85-41c8-8c6e-dcb0015ba170",
    "data": [
      {
        "text": "até mais",
        "userDefined": false
      }
    ],
    "isTemplate": false,
    "count": 0,
    "lang": "pt-br",
    "updated": 0
  },
  {
    "id": "a5ea0e4e-5b06-4ffb-95f7-5736518709f2",
    "data": [
      {
        "text": "nos vemos em breve",
        "userDefined": false
      }
    ],
    "isTemplate": false,
    "count": 0,
    "lang": "pt-br",
    "updated": 0
  },
  {
    "id": "fd2db8fa-4c05-41cf-b5af-3a5d63e2c09c",
    "data": [
      {
        "text": "tchauzinho",
        "userDefined": false
      }
    ],
    "isTemplate": false,
    "count": 0,
    "lang": "pt-br",
    "updated": 0
  }
]