[
  {
    "id": "fd9c6429-d89a-4eba-a31e-707b82302c73",
    "data": [
      {
        "text": "quer um abraço",
        "userDefined": false
      }
    ],
    "isTemplate": false,
    "count": 0,
    "lang": "pt-br",
    "updated": 0
  },
  {
    "id": "1e863b0d-ca66-4bd4-ad63-dc8508fb6876",
    "data": [
      {
        "text": "abraço",
        "userDefined": false
      }
    ],
    "isTemplate": false,
    "count": 1,
    "lang": "pt-br",
    "updated": 0
  },
  {
    "id": "2dc63d87-a2fc-4892-b700-de4ddc5e9ee5",
    "data": [
      {
        "text": "você quer um abraço",
        "userDefined": false
      }
    ],
    "isTemplate": false,
    "count": 0,
    "lang": "pt-br",
    "updated": 0
  },
  {
    "id": "57320f21-2587-4c99-bedf-490dadb8dc89",
    "data": [
      {
        "text": "posso abraçar você",
        "userDefined": false
      }
    ],
    "isTemplate": false,
    "count": 0,
    "lang": "pt-br",
    "updated": 0
  },
  {
    "id": "0b461947-ec48-4850-a896-7159c4b012ca",
    "data": [
      {
        "text": "poderia me dar um abraço",
        "userDefined": false
      }
    ],
    "isTemplate": false,
    "count": 0,
    "lang": "pt-br",
    "updated": 0
  },
  {
    "id": "8f264c40-117c-44ba-8e25-71b3d2a856f4",
    "data": [
      {
        "text": "eu quero um abraço",
        "userDefined": false
      }
    ],
    "isTemplate": false,
    "count": 0,
    "lang": "pt-br",
    "updated": 0
  },
  {
    "id": "6131d27f-3c9a-4e96-aaab-a64fc90b2bf7",
    "data": [
      {
        "text": "me abrace",
        "userDefined": false
      }
    ],
    "isTemplate": false,
    "count": 0,
    "lang": "pt-br",
    "updated": 0
  },
  {
    "id": "b6358256-630a-4a1f-8955-8c81633e4ee6",
    "data": [
      {
        "text": "abraçado",
        "userDefined": false
      }
    ],
    "isTemplate": false,
    "count": 0,
    "lang": "pt-br",
    "updated": 0
  },
  {
    "id": "5159a767-9893-4c5a-bc9b-e4012e5aa357",
    "data": [
      {
        "text": "você abraçou",
        "userDefined": false
      }
    ],
    "isTemplate": false,
    "count": 0,
    "lang": "pt-br",
    "updated": 0
  }
]