[
  {
    "id": "cef6c8dd-571b-4f16-9987-11d72599c140",
    "data": [
      {
        "text": "bem ruim",
        "userDefined": false
      }
    ],
    "isTemplate": false,
    "count": 0,
    "lang": "pt-br",
    "updated": 0
  },
  {
    "id": "fc94a49f-1b28-4e14-aadc-6613e9bc6e2c",
    "data": [
      {
        "text": "não está bom o suficiente",
        "userDefined": false
      }
    ],
    "isTemplate": false,
    "count": 0,
    "lang": "pt-br",
    "updated": 0
  },
  {
    "id": "63bf6ee1-c34f-4d0e-bf47-69e9c3187d12",
    "data": [
      {
        "text": "isso foi ruim",
        "userDefined": false
      }
    ],
    "isTemplate": false,
    "count": 0,
    "lang": "pt-br",
    "updated": 0
  },
  {
    "id": "71a0148a-1ca3-4f8d-9935-e4c4150ae44c",
    "data": [
      {
        "text": "isso foi terrível",
        "userDefined": false
      }
    ],
    "isTemplate": false,
    "count": 0,
    "lang": "pt-br",
    "updated": 0
  },
  {
    "id": "537c916a-594e-4bed-95e6-7ee11b1058f1",
    "data": [
      {
        "text": "isso é ruim",
        "userDefined": false
      }
    ],
    "isTemplate": false,
    "count": 0,
    "lang": "pt-br",
    "updated": 0
  },
  {
    "id": "d96b609f-6a8b-464a-b364-43098ba84172",
    "data": [
      {
        "text": "é ruim",
        "userDefined": false
      }
    ],
    "isTemplate": false,
    "count": 0,
    "lang": "pt-br",
    "updated": 0
  },
  {
    "id": "58484995-c5a5-4ed4-b7ea-f12ff940c639",
    "data": [
      {
        "text": "ruim",
        "userDefined": false
      }
    ],
    "isTemplate": false,
    "count": 0,
    "lang": "pt-br",
    "updated": 0
  },
  {
    "id": "b32c392d-65a6-4091-9261-4c2e350d98dc",
    "data": [
      {
        "text": "nada bom",
        "userDefined": false
      }
    ],
    "isTemplate": false,
    "count": 0,
    "lang": "pt-br",
    "updated": 0
  },
  {
    "id": "2a88b964-2590-451c-a05f-021a0b70f46e",
    "data": [
      {
        "text": "acho que isso está ruim",
        "userDefined": false
      }
    ],
    "isTemplate": false,
    "count": 0,
    "lang": "pt-br",
    "updated": 0
  },
  {
    "id": "ed229bc9-54b4-4585-b0f1-eea8642d2ec0",
    "data": [
      {
        "text": "não isso está ruim",
        "userDefined": false
      }
    ],
    "isTemplate": false,
    "count": 0,
    "lang": "pt-br",
    "updated": 0
  }
]