[
  {
    "id": "b826c6ee-324d-42be-8c2e-89220558266e",
    "data": [
      {
        "text": "muito bem",
        "userDefined": false
      }
    ],
    "isTemplate": false,
    "count": 0,
    "lang": "pt-br",
    "updated": 0
  },
  {
    "id": "8b5a78a1-b1ac-40ce-a531-76b870ff087e",
    "data": [
      {
        "text": "tão legal",
        "userDefined": false
      }
    ],
    "isTemplate": false,
    "count": 0,
    "lang": "pt-br",
    "updated": 0
  },
  {
    "id": "ab201d46-2c38-439b-b737-9e8921ad6b3a",
    "data": [
      {
        "text": "legal",
        "userDefined": false
      }
    ],
    "isTemplate": false,
    "count": 0,
    "lang": "pt-br",
    "updated": 0
  },
  {
    "id": "e22f6fed-7916-4975-980b-18f7d009501d",
    "data": [
      {
        "text": "isso é bom",
        "userDefined": false
      }
    ],
    "isTemplate": false,
    "count": 0,
    "lang": "pt-br",
    "updated": 0
  },
  {
    "id": "080a168b-d03a-42a6-9534-cff5b28baa94",
    "data": [
      {
        "text": "fico feliz em saber disso",
        "userDefined": false
      }
    ],
    "isTemplate": false,
    "count": 0,
    "lang": "pt-br",
    "updated": 0
  },
  {
    "id": "eaea91f0-df23-4036-898e-295d74cf5137",
    "data": [
      {
        "text": "isso é muito gentil da sua parte",
        "userDefined": false
      }
    ],
    "isTemplate": false,
    "count": 0,
    "lang": "pt-br",
    "updated": 0
  },
  {
    "id": "e6a79e9d-023b-4a0e-8dad-ecd191af1ee9",
    "data": [
      {
        "text": "formidável",
        "userDefined": false
      }
    ],
    "isTemplate": false,
    "count": 0,
    "lang": "pt-br",
    "updated": 0
  },
  {
    "id": "ca43103a-d383-4345-b290-2be94cb39537",
    "data": [
      {
        "text": "é incrível",
        "userDefined": false
      }
    ],
    "isTemplate": false,
    "count": 0,
    "lang": "pt-br",
    "updated": 0
  },
  {
    "id": "59619999-a261-40f8-89ad-7948e27e5567",
    "data": [
      {
        "text": "isso é fantástico",
        "userDefined": false
      }
    ],
    "isTemplate": false,
    "count": 0,
    "lang": "pt-br",
    "updated": 0
  },
  {
    "id": "bd177276-2efd-44f0-b4ad-e04330d2c57a",
    "data": [
      {
        "text": "perfeito",
        "userDefined": false
      }
    ],
    "isTemplate": false,
    "count": 0,
    "lang": "pt-br",
    "updated": 0
  },
  {
    "id": "ab4e1b60-29ef-471c-831e-7772049f841d",
    "data": [
      {
        "text": "excelente",
        "userDefined": false
      }
    ],
    "isTemplate": false,
    "count": 0,
    "lang": "pt-br",
    "updated": 0
  }
]