[
  {
    "id": "4fab4507-cd73-4fae-8c78-302d142ee8f2",
    "data": [
      {
        "text": "tem sido tão legal falar com você",
        "userDefined": false
      }
    ],
    "isTemplate": false,
    "count": 0,
    "lang": "pt-br",
    "updated": 0
  },
  {
    "id": "32a5b7ba-64aa-45b3-b60e-a0f385538e8c",
    "data": [
      {
        "text": "tem sido um prazer falar com você",
        "userDefined": false
      }
    ],
    "isTemplate": false,
    "count": 0,
    "lang": "pt-br",
    "updated": 0
  },
  {
    "id": "2bb8dede-7a0f-48ea-98e4-dd954a9dcb1d",
    "data": [
      {
        "text": "é tão bom falar com você",
        "userDefined": false
      }
    ],
    "isTemplate": false,
    "count": 0,
    "lang": "pt-br",
    "updated": 0
  },
  {
    "id": "a63544f9-d97c-4b8b-afc2-dda085e552ce",
    "data": [
      {
        "text": "é bom falar com você",
        "userDefined": false
      }
    ],
    "isTemplate": false,
    "count": 0,
    "lang": "pt-br",
    "updated": 0
  },
  {
    "id": "436eb78b-f4d8-42f4-9cd5-11b3f8c96eed",
    "data": [
      {
        "text": "é legal falar com você",
        "userDefined": false
      }
    ],
    "isTemplate": false,
    "count": 0,
    "lang": "pt-br",
    "updated": 0
  },
  {
    "id": "078f0697-8f89-4490-b869-7fcfaa3ccc80",
    "data": [
      {
        "text": "é tão legal falar com você",
        "userDefined": false
      }
    ],
    "isTemplate": false,
    "count": 0,
    "lang": "pt-br",
    "updated": 0
  },
  {
    "id": "ba208831-6226-46c4-9db1-eb2bd494ae53",
    "data": [
      {
        "text": "como é bom falar com você",
        "userDefined": false
      }
    ],
    "isTemplate": false,
    "count": 0,
    "lang": "pt-br",
    "updated": 0
  }
]