[
  {
    "id": "1353b8b7-a62f-4f99-95b8-a99c4cc61517",
    "data": [
      {
        "text": "não me importo",
        "userDefined": false
      }
    ],
    "isTemplate": false,
    "count": 0,
    "lang": "pt-br",
    "updated": 0
  },
  {
    "id": "4b59657d-a8d6-4b9f-a2d0-59d0a1ad0663",
    "data": [
      {
        "text": "eu não deveria me importar com isso",
        "userDefined": false
      }
    ],
    "isTemplate": false,
    "count": 0,
    "lang": "pt-br",
    "updated": 0
  },
  {
    "id": "09c8201d-c330-4e49-9432-6e80cc67159e",
    "data": [
      {
        "text": "tanto faz",
        "userDefined": false
      }
    ],
    "isTemplate": false,
    "count": 0,
    "lang": "pt-br",
    "updated": 0
  },
  {
    "id": "8b1ae015-b399-4990-a5ff-c8b94429785f",
    "data": [
      {
        "text": "não ligo",
        "userDefined": false
      }
    ],
    "isTemplate": false,
    "count": 0,
    "lang": "pt-br",
    "updated": 0
  },
  {
    "id": "330787f7-50b4-4cd8-825c-d70e5971ccdd",
    "data": [
      {
        "text": "não me importo de jeito nenhum",
        "userDefined": false
      }
    ],
    "isTemplate": false,
    "count": 0,
    "lang": "pt-br",
    "updated": 0
  },
  {
    "id": "d9a2d97c-aac4-45c8-9927-12ea3776c67b",
    "data": [
      {
        "text": "não tô ligando",
        "userDefined": false
      }
    ],
    "isTemplate": false,
    "count": 0,
    "lang": "pt-br",
    "updated": 0
  },
  {
    "id": "d4dfce99-cf2e-46f4-888a-d489e118db9a",
    "data": [
      {
        "text": "não estou nem aí",
        "userDefined": false
      }
    ],
    "isTemplate": false,
    "count": 0,
    "lang": "pt-br",
    "updated": 0
  },
  {
    "id": "890741fa-c181-4849-8d58-8bed7166e240",
    "data": [
      {
        "text": "não tô nem aí",
        "userDefined": false
      }
    ],
    "isTemplate": false,
    "count": 0,
    "lang": "pt-br",
    "updated": 0
  },
  {
    "id": "1a6f6af7-f47a-4c57-a098-097741b1d4af",
    "data": [
      {
        "text": "não me importo nem um pouco",
        "userDefined": false
      }
    ],
    "isTemplate": false,
    "count": 0,
    "lang": "pt-br",
    "updated": 0
  }
]