[
  {
    "id": "e27b5991-4cd7-4281-a9aa-88ba46e25d8b",
    "data": [
      {
        "text": "você ajudou muito",
        "userDefined": false
      }
    ],
    "isTemplate": false,
    "count": 0,
    "lang": "pt-br",
    "updated": 0
  },
  {
    "id": "83e8b0f3-028f-4785-8b72-9fa18697419a",
    "data": [
      {
        "text": "obrigado pela ajuda",
        "userDefined": false
      }
    ],
    "isTemplate": false,
    "count": 0,
    "lang": "pt-br",
    "updated": 0
  },
  {
    "id": "b6483d78-20a6-4a37-845d-0edbf24c6f0b",
    "data": [
      {
        "text": "ótimo",
        "userDefined": false
      }
    ],
    "isTemplate": false,
    "count": 0,
    "lang": "pt-br",
    "updated": 0
  },
  {
    "id": "e445db87-856d-46d9-a9bb-2de2813c3728",
    "data": [
      {
        "text": "obrigado",
        "userDefined": false
      }
    ],
    "isTemplate": false,
    "count": 0,
    "lang": "pt-br",
    "updated": 0
  },
  {
    "id": "36f35b6a-fce3-443a-827d-5cc820c1aff3",
    "data": [
      {
        "text": "valeu",
        "userDefined": false
      }
    ],
    "isTemplate": false,
    "count": 0,
    "lang": "pt-br",
    "updated": 0
  },
  {
    "id": "8f703afb-252d-4345-90ab-db83f5e79178",
    "data": [
      {
        "text": "muito obrigado",
        "userDefined": false
      }
    ],
    "isTemplate": false,
    "count": 0,
    "lang": "pt-br",
    "updated": 0
  },
  {
    "id": "d6db4dcc-12d4-43c2-96a5-25ee570b7c47",
    "data": [
      {
        "text": "muitíssimo obrigado",
        "userDefined": false
      }
    ],
    "isTemplate": false,
    "count": 0,
    "lang": "pt-br",
    "updated": 0
  },
  {
    "id": "38c3b929-99af-474f-bd6d-c721107568ea",
    "data": [
      {
        "text": "obrigadão",
        "userDefined": false
      }
    ],
    "isTemplate": false,
    "count": 0,
    "lang": "pt-br",
    "updated": 0
  },
  {
    "id": "e645edb9-79ce-442c-b3f9-cfd5392d31c1",
    "data": [
      {
        "text": "obrigado mesmo",
        "userDefined": false
      }
    ],
    "isTemplate": false,
    "count": 0,
    "lang": "pt-br",
    "updated": 0
  },
  {
    "id": "d07e50ec-3422-4527-8739-e0baaa014500",
    "data": [
      {
        "text": "muito obrigado mesmo",
        "userDefined": false
      }
    ],
    "isTemplate": false,
    "count": 0,
    "lang": "pt-br",
    "updated": 0
  }
]