[
  {
    "id": "969bf690-afa5-41c8-9184-aca3ff2bcca1",
    "data": [
      {
        "text": "estou animado",
        "userDefined": false
      }
    ],
    "isTemplate": false,
    "count": 0,
    "lang": "pt-br",
    "updated": 0
  },
  {
    "id": "d586cab9-90ec-4727-b219-a2161c747572",
    "data": [
      {
        "text": "estou muito animado",
        "userDefined": false
      }
    ],
    "isTemplate": false,
    "count": 0,
    "lang": "pt-br",
    "updated": 0
  },
  {
    "id": "cfbb511d-b9c9-4983-beed-a92328dd6a76",
    "data": [
      {
        "text": "como estou animado",
        "userDefined": false
      }
    ],
    "isTemplate": false,
    "count": 0,
    "lang": "pt-br",
    "updated": 0
  },
  {
    "id": "6e72e90f-4388-474b-8df5-254b93cc93ce",
    "data": [
      {
        "text": "estou vibrando de empolgação",
        "userDefined": false
      }
    ],
    "isTemplate": false,
    "count": 0,
    "lang": "pt-br",
    "updated": 0
  },
  {
    "id": "b91fcef9-9601-4d17-87e0-c6001116938f",
    "data": [
      {
        "text": "estou animado por trabalhar com você",
        "userDefined": false
      }
    ],
    "isTemplate": false,
    "count": 0,
    "lang": "pt-br",
    "updated": 0
  },
  {
    "id": "b1dcbb75-6e8d-4721-9b51-6d4f779fdfbb",
    "data": [
      {
        "text": "estou ansioso para começar nossa amizade",
        "userDefined": false
      }
    ],
    "isTemplate": false,
    "count": 0,
    "lang": "pt-br",
    "updated": 0
  }
]