[
  {
    "id": "0e364380-a937-4f7c-95de-93200b6754a6",
    "data": [
      {
        "text": "é bom ver você",
        "userDefined": false
      }
    ],
    "isTemplate": false,
    "count": 1,
    "lang": "pt-br",
    "updated": 0
  },
  {
    "id": "dc60c0b8-cdd3-496f-b34a-a94a2c3f0d17",
    "data": [
      {
        "text": "muito bom ver você",
        "userDefined": false
      }
    ],
    "isTemplate": false,
    "count": 0,
    "lang": "pt-br",
    "updated": 0
  },
  {
    "id": "b1c2c3af-7ac8-41ec-9c81-76c75f2e5fd8",
    "data": [
      {
        "text": "fico feliz em ver você",
        "userDefined": false
      }
    ],
    "isTemplate": false,
    "count": 0,
    "lang": "pt-br",
    "updated": 0
  },
  {
    "id": "91e0fe4d-f0a9-4b22-8d32-37a57460bcac",
    "data": [
      {
        "text": "que ótimo ver você",
        "userDefined": false
      }
    ],
    "isTemplate": false,
    "count": 0,
    "lang": "pt-br",
    "updated": 0
  },
  {
    "id": "aeb63fcb-9ced-4c60-990b-5b0a9fb86737",
    "data": [
      {
        "text": "feliz em ver você",
        "userDefined": false
      }
    ],
    "isTemplate": false,
    "count": 0,
    "lang": "pt-br",
    "updated": 0
  },
  {
    "id": "4e7193d2-c1cf-419f-a396-62454f53bbf3",
    "data": [
      {
        "text": "como é bom ver você",
        "userDefined": false
      }
    ],
    "isTemplate": false,
    "count": 0,
    "lang": "pt-br",
    "updated": 0
  },
  {
    "id": "e52ace47-9e25-434b-916f-7d31a56b04b6",
    "data": [
      {
        "text": "é sempre um prazer ver você",
        "userDefined": false
      }
    ],
    "isTemplate": false,
    "count": 0,
    "lang": "pt-br",
    "updated": 0
  },
  {
    "id": "58ea3290-52ec-435d-b453-43a9732da6ad",
    "data": [
      {
        "text": "legal ver você",
        "userDefined": false
      }
    ],
    "isTemplate": false,
    "count": 0,
    "lang": "pt-br",
    "updated": 0
  },
  {
    "id": "cdb86628-ea91-495b-ab26-a7ed136f1550",
    "data": [
      {
        "text": "que bom ver você",
        "userDefined": false
      }
    ],
    "isTemplate": false,
    "count": 0,
    "lang": "pt-br",
    "updated": 0
  }
]